layer,key,status,cosine,rel_rmse,raw_hash_equal,a_shape,b_shape,note
0,model.layers.0.self_attn.k_proj.weight,ok,-0.00028401534949173355,1.2266804428649996,False,"(1024, 4096)","(1024, 4096)",
0,model.layers.0.self_attn.v_proj.weight,ok,0.0007979089894115419,1.5201380664081838,False,"(1024, 4096)","(1024, 4096)",
0,model.layers.0.self_attn.q_proj.weight,shape_mismatch,nan,nan,,"(8192, 4096)","(12288, 4096)",
0,model.layers.0.input_layernorm.weight,ok,0.12724736119535385,1.129272615889417,False,"(4096,)","(4096,)",
0,model.layers.0.post_attention_layernorm.weight,ok,0.8538605139747061,0.663863659348885,False,"(4096,)","(4096,)",
0,model.layers.0.mlp.gate.weight,missing_in_GLM-4.5-Air,nan,nan,,None,None,
1,model.layers.1.self_attn.k_proj.weight,ok,-0.00047471186526364925,1.1934070346953782,False,"(1024, 4096)","(1024, 4096)",
1,model.layers.1.self_attn.v_proj.weight,ok,-0.0009896464645718268,1.4928757360134977,False,"(1024, 4096)","(1024, 4096)",
1,model.layers.1.self_attn.q_proj.weight,shape_mismatch,nan,nan,,"(8192, 4096)","(12288, 4096)",
1,model.layers.1.input_layernorm.weight,ok,0.34181209552832653,1.134666765625833,False,"(4096,)","(4096,)",
1,model.layers.1.post_attention_layernorm.weight,ok,0.8986689460397956,1.5099511923335576,False,"(4096,)","(4096,)",
1,model.layers.1.mlp.gate.weight,ok,-0.0006035676552309104,1.2233333236614135,False,"(128, 4096)","(128, 4096)",
2,model.layers.2.self_attn.k_proj.weight,ok,-0.0007610926221017708,1.2706230552838358,False,"(1024, 4096)","(1024, 4096)",
2,model.layers.2.self_attn.v_proj.weight,ok,-0.0004288520713460843,1.2283431378918983,False,"(1024, 4096)","(1024, 4096)",
2,model.layers.2.self_attn.q_proj.weight,shape_mismatch,nan,nan,,"(8192, 4096)","(12288, 4096)",
2,model.layers.2.input_layernorm.weight,ok,0.8316813652957852,1.0950493504885532,False,"(4096,)","(4096,)",
2,model.layers.2.post_attention_layernorm.weight,ok,0.9452874641220799,1.5021105377044643,False,"(4096,)","(4096,)",
2,model.layers.2.mlp.gate.weight,ok,0.0025047196060023302,1.1973928117542558,False,"(128, 4096)","(128, 4096)",
3,model.layers.3.self_attn.k_proj.weight,ok,-0.001860582511157401,1.2556982525502967,False,"(1024, 4096)","(1024, 4096)",
3,model.layers.3.self_attn.v_proj.weight,ok,-0.0008437157468361108,1.21921156856639,False,"(1024, 4096)","(1024, 4096)",
3,model.layers.3.self_attn.q_proj.weight,shape_mismatch,nan,nan,,"(8192, 4096)","(12288, 4096)",
3,model.layers.3.input_layernorm.weight,ok,0.9132002592424942,2.963225643723824,False,"(4096,)","(4096,)",
3,model.layers.3.post_attention_layernorm.weight,ok,0.9650786778578722,1.3893392761510395,False,"(4096,)","(4096,)",
3,model.layers.3.mlp.gate.weight,ok,0.001317977047699331,1.1859786093336895,False,"(128, 4096)","(128, 4096)",
4,model.layers.4.self_attn.k_proj.weight,ok,-0.0017081432354856816,1.453865493923991,False,"(1024, 4096)","(1024, 4096)",
4,model.layers.4.self_attn.v_proj.weight,ok,-0.0006843389584493985,1.3353413016249445,False,"(1024, 4096)","(1024, 4096)",
4,model.layers.4.self_attn.q_proj.weight,shape_mismatch,nan,nan,,"(8192, 4096)","(12288, 4096)",
4,model.layers.4.input_layernorm.weight,ok,0.9373838295259651,1.3293386561324643,False,"(4096,)","(4096,)",
4,model.layers.4.post_attention_layernorm.weight,ok,0.9720069831325121,1.340854491407585,False,"(4096,)","(4096,)",
4,model.layers.4.mlp.gate.weight,ok,0.0006374969063820141,1.170863450790232,False,"(128, 4096)","(128, 4096)",
5,model.layers.5.self_attn.k_proj.weight,ok,-0.0011293332398398354,1.1499984323703218,False,"(1024, 4096)","(1024, 4096)",
5,model.layers.5.self_attn.v_proj.weight,ok,0.0014139173816195623,1.1899518108894058,False,"(1024, 4096)","(1024, 4096)",
5,model.layers.5.self_attn.q_proj.weight,shape_mismatch,nan,nan,,"(8192, 4096)","(12288, 4096)",
5,model.layers.5.input_layernorm.weight,ok,0.9516324466988515,1.6903405398375935,False,"(4096,)","(4096,)",
5,model.layers.5.post_attention_layernorm.weight,ok,0.9786423898749048,1.4048236126184055,False,"(4096,)","(4096,)",
5,model.layers.5.mlp.gate.weight,ok,-0.0006412291136593307,1.1642641078595342,False,"(128, 4096)","(128, 4096)",
6,model.layers.6.self_attn.k_proj.weight,ok,0.0008554465094116363,1.273324969721461,False,"(1024, 4096)","(1024, 4096)",
6,model.layers.6.self_attn.v_proj.weight,ok,0.0007404688875611469,1.2996770201432135,False,"(1024, 4096)","(1024, 4096)",
6,model.layers.6.self_attn.q_proj.weight,shape_mismatch,nan,nan,,"(8192, 4096)","(12288, 4096)",
6,model.layers.6.input_layernorm.weight,ok,0.9385947357191673,1.5963921118334106,False,"(4096,)","(4096,)",
6,model.layers.6.post_attention_layernorm.weight,ok,0.9825738703958217,1.4100321634514434,False,"(4096,)","(4096,)",
6,model.layers.6.mlp.gate.weight,ok,0.0015651119599845108,1.1412426148220756,False,"(128, 4096)","(128, 4096)",
7,model.layers.7.self_attn.k_proj.weight,ok,0.0012162871017729721,1.1960524463015936,False,"(1024, 4096)","(1024, 4096)",
7,model.layers.7.self_attn.v_proj.weight,ok,0.00017226190436708466,1.2372508483023468,False,"(1024, 4096)","(1024, 4096)",
7,model.layers.7.self_attn.q_proj.weight,shape_mismatch,nan,nan,,"(8192, 4096)","(12288, 4096)",
7,model.layers.7.input_layernorm.weight,ok,0.964488396783273,1.9604566866284336,False,"(4096,)","(4096,)",
7,model.layers.7.post_attention_layernorm.weight,ok,0.9840549063895685,1.581295987992954,False,"(4096,)","(4096,)",
7,model.layers.7.mlp.gate.weight,ok,0.003027841780958316,1.1411628700672913,False,"(128, 4096)","(128, 4096)",
8,model.layers.8.self_attn.k_proj.weight,ok,-0.0024021419551744335,1.132495024564657,False,"(1024, 4096)","(1024, 4096)",
8,model.layers.8.self_attn.v_proj.weight,ok,-0.00023269879872211632,1.2506583171390337,False,"(1024, 4096)","(1024, 4096)",
8,model.layers.8.self_attn.q_proj.weight,shape_mismatch,nan,nan,,"(8192, 4096)","(12288, 4096)",
8,model.layers.8.input_layernorm.weight,ok,0.9734287762782418,1.3625400837380108,False,"(4096,)","(4096,)",
8,model.layers.8.post_attention_layernorm.weight,ok,0.984334954353854,1.7413837404780415,False,"(4096,)","(4096,)",
8,model.layers.8.mlp.gate.weight,ok,-0.0010044970462090772,1.1168041105542281,False,"(128, 4096)","(128, 4096)",
9,model.layers.9.self_attn.k_proj.weight,ok,0.00023247436765342944,1.2998390184654798,False,"(1024, 4096)","(1024, 4096)",
9,model.layers.9.self_attn.v_proj.weight,ok,0.0005350448564661232,1.2537132371530408,False,"(1024, 4096)","(1024, 4096)",
9,model.layers.9.self_attn.q_proj.weight,shape_mismatch,nan,nan,,"(8192, 4096)","(12288, 4096)",
9,model.layers.9.input_layernorm.weight,ok,0.9829712493645556,0.7752442262333474,False,"(4096,)","(4096,)",
9,model.layers.9.post_attention_layernorm.weight,ok,0.9862722812779438,1.7960285674279515,False,"(4096,)","(4096,)",
9,model.layers.9.mlp.gate.weight,ok,-0.0007386835645696343,1.1164302661672556,False,"(128, 4096)","(128, 4096)",
10,model.layers.10.self_attn.k_proj.weight,ok,-0.0017747872367741902,1.2096361915522524,False,"(1024, 4096)","(1024, 4096)",
10,model.layers.10.self_attn.v_proj.weight,ok,0.0006885854175794144,1.1885241117644045,False,"(1024, 4096)","(1024, 4096)",
10,model.layers.10.self_attn.q_proj.weight,shape_mismatch,nan,nan,,"(8192, 4096)","(12288, 4096)",
10,model.layers.10.input_layernorm.weight,ok,0.9810944767331932,1.1219305385974117,False,"(4096,)","(4096,)",
10,model.layers.10.post_attention_layernorm.weight,ok,0.9874211132882248,1.8130445621205424,False,"(4096,)","(4096,)",
10,model.layers.10.mlp.gate.weight,ok,-0.0003248391005290429,1.1197056380389176,False,"(128, 4096)","(128, 4096)",
11,model.layers.11.self_attn.k_proj.weight,ok,0.0003231178189707039,1.2006739155826782,False,"(1024, 4096)","(1024, 4096)",
11,model.layers.11.self_attn.v_proj.weight,ok,0.001349065305087796,1.1594172763240884,False,"(1024, 4096)","(1024, 4096)",
11,model.layers.11.self_attn.q_proj.weight,shape_mismatch,nan,nan,,"(8192, 4096)","(12288, 4096)",
11,model.layers.11.input_layernorm.weight,ok,0.9865978353683197,1.043875440859632,False,"(4096,)","(4096,)",
11,model.layers.11.post_attention_layernorm.weight,ok,0.9886903181573627,1.7941628567282788,False,"(4096,)","(4096,)",
11,model.layers.11.mlp.gate.weight,ok,0.0020547789876216305,1.1246743401173636,False,"(128, 4096)","(128, 4096)",
12,model.layers.12.self_attn.k_proj.weight,ok,0.0007608181689260693,1.2065668749465184,False,"(1024, 4096)","(1024, 4096)",
12,model.layers.12.self_attn.v_proj.weight,ok,-0.0009206246643207957,1.2089352340057091,False,"(1024, 4096)","(1024, 4096)",
12,model.layers.12.self_attn.q_proj.weight,shape_mismatch,nan,nan,,"(8192, 4096)","(12288, 4096)",
12,model.layers.12.input_layernorm.weight,ok,0.9872293473944163,1.1961382550996211,False,"(4096,)","(4096,)",
12,model.layers.12.post_attention_layernorm.weight,ok,0.9891564567349378,1.8208820389870155,False,"(4096,)","(4096,)",
12,model.layers.12.mlp.gate.weight,ok,0.002761992293635496,1.1411815202786957,False,"(128, 4096)","(128, 4096)",
13,model.layers.13.self_attn.k_proj.weight,ok,-0.001718006251635646,1.2325326851024143,False,"(1024, 4096)","(1024, 4096)",
13,model.layers.13.self_attn.v_proj.weight,ok,0.0008977978009127243,1.2302687616838217,False,"(1024, 4096)","(1024, 4096)",
13,model.layers.13.self_attn.q_proj.weight,shape_mismatch,nan,nan,,"(8192, 4096)","(12288, 4096)",
13,model.layers.13.input_layernorm.weight,ok,0.989684030438686,1.4313505540422817,False,"(4096,)","(4096,)",
13,model.layers.13.post_attention_layernorm.weight,ok,0.988928491705783,1.9308282600577904,False,"(4096,)","(4096,)",
13,model.layers.13.mlp.gate.weight,ok,0.0030487694437537614,1.1190568322734271,False,"(128, 4096)","(128, 4096)",
14,model.layers.14.self_attn.k_proj.weight,ok,0.0007880256953162931,1.2432419904072192,False,"(1024, 4096)","(1024, 4096)",
14,model.layers.14.self_attn.v_proj.weight,ok,-0.001731025352294549,1.242629128979294,False,"(1024, 4096)","(1024, 4096)",
14,model.layers.14.self_attn.q_proj.weight,shape_mismatch,nan,nan,,"(8192, 4096)","(12288, 4096)",
14,model.layers.14.input_layernorm.weight,ok,0.9885513150615851,1.3851566742589987,False,"(4096,)","(4096,)",
14,model.layers.14.post_attention_layernorm.weight,ok,0.9894598185221087,1.9237393709401673,False,"(4096,)","(4096,)",
14,model.layers.14.mlp.gate.weight,ok,0.001819030406628362,1.1211644661400284,False,"(128, 4096)","(128, 4096)",
15,model.layers.15.self_attn.k_proj.weight,ok,0.000954579846227158,1.31542839496167,False,"(1024, 4096)","(1024, 4096)",
15,model.layers.15.self_attn.v_proj.weight,ok,-0.0016014904972206194,1.2717237197468476,False,"(1024, 4096)","(1024, 4096)",
15,model.layers.15.self_attn.q_proj.weight,shape_mismatch,nan,nan,,"(8192, 4096)","(12288, 4096)",
15,model.layers.15.input_layernorm.weight,ok,0.988434510783861,1.0407211181143567,False,"(4096,)","(4096,)",
15,model.layers.15.post_attention_layernorm.weight,ok,0.990355177941955,1.845583608693962,False,"(4096,)","(4096,)",
15,model.layers.15.mlp.gate.weight,ok,0.003633466149277012,1.1252517826891788,False,"(128, 4096)","(128, 4096)",
16,model.layers.16.self_attn.k_proj.weight,ok,-0.0010488911870122214,1.2443363344579703,False,"(1024, 4096)","(1024, 4096)",
16,model.layers.16.self_attn.v_proj.weight,ok,0.0018474986809426232,1.2884056982376177,False,"(1024, 4096)","(1024, 4096)",
16,model.layers.16.self_attn.q_proj.weight,shape_mismatch,nan,nan,,"(8192, 4096)","(12288, 4096)",
16,model.layers.16.input_layernorm.weight,ok,0.9897030984862554,1.179860230256768,False,"(4096,)","(4096,)",
16,model.layers.16.post_attention_layernorm.weight,ok,0.9913011427379954,1.8781578069355112,False,"(4096,)","(4096,)",
16,model.layers.16.mlp.gate.weight,ok,0.003898840314976658,1.1233867828517428,False,"(128, 4096)","(128, 4096)",
17,model.layers.17.self_attn.k_proj.weight,ok,0.001090604868864202,1.1789897535394607,False,"(1024, 4096)","(1024, 4096)",
17,model.layers.17.self_attn.v_proj.weight,ok,-0.0013386871861504,1.2948038728844224,False,"(1024, 4096)","(1024, 4096)",
17,model.layers.17.self_attn.q_proj.weight,shape_mismatch,nan,nan,,"(8192, 4096)","(12288, 4096)",
17,model.layers.17.input_layernorm.weight,ok,0.9897694961595596,1.415529586715718,False,"(4096,)","(4096,)",
17,model.layers.17.post_attention_layernorm.weight,ok,0.9926542849086408,1.8816958303361584,False,"(4096,)","(4096,)",
17,model.layers.17.mlp.gate.weight,ok,0.006960682514873371,1.1017349291398006,False,"(128, 4096)","(128, 4096)",
18,model.layers.18.self_attn.k_proj.weight,ok,-0.0005368127159928724,1.178982247184274,False,"(1024, 4096)","(1024, 4096)",
18,model.layers.18.self_attn.v_proj.weight,ok,-0.00032268291746315376,1.339411668283002,False,"(1024, 4096)","(1024, 4096)",
18,model.layers.18.self_attn.q_proj.weight,shape_mismatch,nan,nan,,"(8192, 4096)","(12288, 4096)",
18,model.layers.18.input_layernorm.weight,ok,0.9906433830234961,1.412808700868616,False,"(4096,)","(4096,)",
18,model.layers.18.post_attention_layernorm.weight,ok,0.9932420077417968,1.9206202170922537,False,"(4096,)","(4096,)",
18,model.layers.18.mlp.gate.weight,ok,0.006348724737938723,1.1109391097834447,False,"(128, 4096)","(128, 4096)",
19,model.layers.19.self_attn.k_proj.weight,ok,0.00045218520763448005,1.101134682029831,False,"(1024, 4096)","(1024, 4096)",
19,model.layers.19.self_attn.v_proj.weight,ok,-0.0001890346576866971,1.3538846235834412,False,"(1024, 4096)","(1024, 4096)",
19,model.layers.19.self_attn.q_proj.weight,shape_mismatch,nan,nan,,"(8192, 4096)","(12288, 4096)",
19,model.layers.19.input_layernorm.weight,ok,0.9902101838548409,1.5181828633454193,False,"(4096,)","(4096,)",
19,model.layers.19.post_attention_layernorm.weight,ok,0.9939488432012658,1.9188537671534303,False,"(4096,)","(4096,)",
19,model.layers.19.mlp.gate.weight,ok,0.003664338427562982,1.1094637684279853,False,"(128, 4096)","(128, 4096)",
20,model.layers.20.self_attn.k_proj.weight,ok,-0.0013135493597495988,1.1298378008140455,False,"(1024, 4096)","(1024, 4096)",
20,model.layers.20.self_attn.v_proj.weight,ok,-0.001158685778202937,1.6039318842178802,False,"(1024, 4096)","(1024, 4096)",
20,model.layers.20.self_attn.q_proj.weight,shape_mismatch,nan,nan,,"(8192, 4096)","(12288, 4096)",
20,model.layers.20.input_layernorm.weight,ok,0.9917916425310218,1.0257838202349527,False,"(4096,)","(4096,)",
20,model.layers.20.post_attention_layernorm.weight,ok,0.9943958445373866,1.9579601049607969,False,"(4096,)","(4096,)",
20,model.layers.20.mlp.gate.weight,ok,0.004955957509893473,1.103583163459826,False,"(128, 4096)","(128, 4096)",
21,model.layers.21.self_attn.k_proj.weight,ok,0.0023779320356517464,1.222229899467551,False,"(1024, 4096)","(1024, 4096)",
21,model.layers.21.self_attn.v_proj.weight,ok,0.00012313855850370594,1.5187415452585449,False,"(1024, 4096)","(1024, 4096)",
21,model.layers.21.self_attn.q_proj.weight,shape_mismatch,nan,nan,,"(8192, 4096)","(12288, 4096)",
21,model.layers.21.input_layernorm.weight,ok,0.9921915385134258,1.4692960863611169,False,"(4096,)","(4096,)",
21,model.layers.21.post_attention_layernorm.weight,ok,0.9950064737237526,1.9460026687389627,False,"(4096,)","(4096,)",
21,model.layers.21.mlp.gate.weight,ok,0.004247432570336804,1.1054090232783722,False,"(128, 4096)","(128, 4096)",
22,model.layers.22.self_attn.k_proj.weight,ok,-0.0005933976894745438,1.1518875564220519,False,"(1024, 4096)","(1024, 4096)",
22,model.layers.22.self_attn.v_proj.weight,ok,-0.0011425898625883127,1.3865193148567347,False,"(1024, 4096)","(1024, 4096)",
22,model.layers.22.self_attn.q_proj.weight,shape_mismatch,nan,nan,,"(8192, 4096)","(12288, 4096)",
22,model.layers.22.input_layernorm.weight,ok,0.9920694020436082,1.3380016580825205,False,"(4096,)","(4096,)",
22,model.layers.22.post_attention_layernorm.weight,ok,0.9954319218691741,1.9282309871279735,False,"(4096,)","(4096,)",
22,model.layers.22.mlp.gate.weight,ok,0.005070544569489864,1.1062489711267989,False,"(128, 4096)","(128, 4096)",
23,model.layers.23.self_attn.k_proj.weight,ok,0.00013239670987055729,1.19890153954106,False,"(1024, 4096)","(1024, 4096)",
23,model.layers.23.self_attn.v_proj.weight,ok,0.0001657236325732884,1.3132759401832743,False,"(1024, 4096)","(1024, 4096)",
23,model.layers.23.self_attn.q_proj.weight,shape_mismatch,nan,nan,,"(8192, 4096)","(12288, 4096)",
23,model.layers.23.input_layernorm.weight,ok,0.9919602342883814,1.0732580531156022,False,"(4096,)","(4096,)",
23,model.layers.23.post_attention_layernorm.weight,ok,0.9955374592698663,1.9074541579959259,False,"(4096,)","(4096,)",
23,model.layers.23.mlp.gate.weight,ok,0.0033460455529766113,1.1038388490853914,False,"(128, 4096)","(128, 4096)",
24,model.layers.24.self_attn.k_proj.weight,ok,-0.0013812172580269946,1.1309679991578723,False,"(1024, 4096)","(1024, 4096)",
24,model.layers.24.self_attn.v_proj.weight,ok,0.001544041342669127,1.5151500737146963,False,"(1024, 4096)","(1024, 4096)",
24,model.layers.24.self_attn.q_proj.weight,shape_mismatch,nan,nan,,"(8192, 4096)","(12288, 4096)",
24,model.layers.24.input_layernorm.weight,ok,0.9922676290192184,1.3283412724583992,False,"(4096,)","(4096,)",
24,model.layers.24.post_attention_layernorm.weight,ok,0.9959317084924167,1.8539079533811376,False,"(4096,)","(4096,)",
24,model.layers.24.mlp.gate.weight,ok,0.0028950782775963866,1.0994747736500972,False,"(128, 4096)","(128, 4096)",
25,model.layers.25.self_attn.k_proj.weight,ok,0.00025607807387045546,1.1006539028782059,False,"(1024, 4096)","(1024, 4096)",
25,model.layers.25.self_attn.v_proj.weight,ok,-0.0008726738534026082,1.380295205518571,False,"(1024, 4096)","(1024, 4096)",
25,model.layers.25.self_attn.q_proj.weight,shape_mismatch,nan,nan,,"(8192, 4096)","(12288, 4096)",
25,model.layers.25.input_layernorm.weight,ok,0.9924292657488875,1.1879108647008536,False,"(4096,)","(4096,)",
25,model.layers.25.post_attention_layernorm.weight,ok,0.9965675991035107,1.878525198711115,False,"(4096,)","(4096,)",
25,model.layers.25.mlp.gate.weight,ok,0.009207468817062974,1.0967021943116368,False,"(128, 4096)","(128, 4096)",
26,model.layers.26.self_attn.k_proj.weight,ok,0.0006382878329201807,1.1550666932185947,False,"(1024, 4096)","(1024, 4096)",
26,model.layers.26.self_attn.v_proj.weight,ok,-0.0017458639212401127,1.4821712831776617,False,"(1024, 4096)","(1024, 4096)",
26,model.layers.26.self_attn.q_proj.weight,shape_mismatch,nan,nan,,"(8192, 4096)","(12288, 4096)",
26,model.layers.26.input_layernorm.weight,ok,0.9919576014691969,1.2669778101962665,False,"(4096,)","(4096,)",
26,model.layers.26.post_attention_layernorm.weight,ok,0.9961756460563276,1.801733995122628,False,"(4096,)","(4096,)",
26,model.layers.26.mlp.gate.weight,ok,0.0031240132714100482,1.0944077905908416,False,"(128, 4096)","(128, 4096)",
27,model.layers.27.self_attn.k_proj.weight,ok,0.0029438967178805468,1.172260547839224,False,"(1024, 4096)","(1024, 4096)",
27,model.layers.27.self_attn.v_proj.weight,ok,0.0007990814385124835,1.407879450416554,False,"(1024, 4096)","(1024, 4096)",
27,model.layers.27.self_attn.q_proj.weight,shape_mismatch,nan,nan,,"(8192, 4096)","(12288, 4096)",
27,model.layers.27.input_layernorm.weight,ok,0.9942851649263224,1.1787054675888027,False,"(4096,)","(4096,)",
27,model.layers.27.post_attention_layernorm.weight,ok,0.9965065285704093,1.775538093150928,False,"(4096,)","(4096,)",
27,model.layers.27.mlp.gate.weight,ok,0.003333797403312749,1.0954286498429133,False,"(128, 4096)","(128, 4096)",
28,model.layers.28.self_attn.k_proj.weight,ok,0.0031041415811346017,1.1459781978613144,False,"(1024, 4096)","(1024, 4096)",
28,model.layers.28.self_attn.v_proj.weight,ok,-1.4241584340578952e-05,1.34300536145215,False,"(1024, 4096)","(1024, 4096)",
28,model.layers.28.self_attn.q_proj.weight,shape_mismatch,nan,nan,,"(8192, 4096)","(12288, 4096)",
28,model.layers.28.input_layernorm.weight,ok,0.9936957642037898,1.3243475887020497,False,"(4096,)","(4096,)",
28,model.layers.28.post_attention_layernorm.weight,ok,0.9965873985998095,1.7835689517693032,False,"(4096,)","(4096,)",
28,model.layers.28.mlp.gate.weight,ok,0.005619629313392349,1.09008146127326,False,"(128, 4096)","(128, 4096)",
29,model.layers.29.self_attn.k_proj.weight,ok,0.0028721956712386464,1.1759291603070332,False,"(1024, 4096)","(1024, 4096)",
29,model.layers.29.self_attn.v_proj.weight,ok,0.0005395234152114889,1.423348914382731,False,"(1024, 4096)","(1024, 4096)",
29,model.layers.29.self_attn.q_proj.weight,shape_mismatch,nan,nan,,"(8192, 4096)","(12288, 4096)",
29,model.layers.29.input_layernorm.weight,ok,0.9936877319262212,1.129899633899248,False,"(4096,)","(4096,)",
29,model.layers.29.post_attention_layernorm.weight,ok,0.9966716470427459,1.7013500958311438,False,"(4096,)","(4096,)",
29,model.layers.29.mlp.gate.weight,ok,0.004806912675102504,1.096565829589977,False,"(128, 4096)","(128, 4096)",
30,model.layers.30.self_attn.k_proj.weight,ok,-0.0005389692307295803,1.2626983242537062,False,"(1024, 4096)","(1024, 4096)",
30,model.layers.30.self_attn.v_proj.weight,ok,0.0013497481573825066,1.3667083617494198,False,"(1024, 4096)","(1024, 4096)",
30,model.layers.30.self_attn.q_proj.weight,shape_mismatch,nan,nan,,"(8192, 4096)","(12288, 4096)",
30,model.layers.30.input_layernorm.weight,ok,0.9914291507611485,1.6420538229020047,False,"(4096,)","(4096,)",
30,model.layers.30.post_attention_layernorm.weight,ok,0.9969309490245252,1.633004850859877,False,"(4096,)","(4096,)",
30,model.layers.30.mlp.gate.weight,ok,0.0058583186505507204,1.0993919541920378,False,"(128, 4096)","(128, 4096)",
31,model.layers.31.self_attn.k_proj.weight,ok,-0.0008730644253356458,1.1789256641506698,False,"(1024, 4096)","(1024, 4096)",
31,model.layers.31.self_attn.v_proj.weight,ok,0.00020709454882941776,1.5074847367341815,False,"(1024, 4096)","(1024, 4096)",
31,model.layers.31.self_attn.q_proj.weight,shape_mismatch,nan,nan,,"(8192, 4096)","(12288, 4096)",
31,model.layers.31.input_layernorm.weight,ok,0.9934699540835005,1.2328949260691298,False,"(4096,)","(4096,)",
31,model.layers.31.post_attention_layernorm.weight,ok,0.9971163166828678,1.6145910948461155,False,"(4096,)","(4096,)",
31,model.layers.31.mlp.gate.weight,ok,0.0032705779993696276,1.095556212063996,False,"(128, 4096)","(128, 4096)",
32,model.layers.32.self_attn.k_proj.weight,ok,0.0001997997064503843,1.1383193643733462,False,"(1024, 4096)","(1024, 4096)",
32,model.layers.32.self_attn.v_proj.weight,ok,0.0006440350760336237,1.3761541819250562,False,"(1024, 4096)","(1024, 4096)",
32,model.layers.32.self_attn.q_proj.weight,shape_mismatch,nan,nan,,"(8192, 4096)","(12288, 4096)",
32,model.layers.32.input_layernorm.weight,ok,0.993153774297388,1.17065721090494,False,"(4096,)","(4096,)",
32,model.layers.32.post_attention_layernorm.weight,ok,0.997301296388617,1.6281137706388304,False,"(4096,)","(4096,)",
32,model.layers.32.mlp.gate.weight,ok,0.005261714917079708,1.0997057090397246,False,"(128, 4096)","(128, 4096)",
33,model.layers.33.self_attn.k_proj.weight,ok,0.0005960083765014012,1.1544396701044939,False,"(1024, 4096)","(1024, 4096)",
33,model.layers.33.self_attn.v_proj.weight,ok,-0.001695406002276102,1.3326548457201157,False,"(1024, 4096)","(1024, 4096)",
33,model.layers.33.self_attn.q_proj.weight,shape_mismatch,nan,nan,,"(8192, 4096)","(12288, 4096)",
33,model.layers.33.input_layernorm.weight,ok,0.9915793175944514,1.1038492830070483,False,"(4096,)","(4096,)",
33,model.layers.33.post_attention_layernorm.weight,ok,0.9973036358228206,1.6185456038805108,False,"(4096,)","(4096,)",
33,model.layers.33.mlp.gate.weight,ok,0.0017547519144326905,1.1032562557889931,False,"(128, 4096)","(128, 4096)",
34,model.layers.34.self_attn.k_proj.weight,ok,0.002033989509553276,1.1305636195737039,False,"(1024, 4096)","(1024, 4096)",
34,model.layers.34.self_attn.v_proj.weight,ok,-7.083725398694377e-05,1.5471782435583326,False,"(1024, 4096)","(1024, 4096)",
34,model.layers.34.self_attn.q_proj.weight,shape_mismatch,nan,nan,,"(8192, 4096)","(12288, 4096)",
34,model.layers.34.input_layernorm.weight,ok,0.9924089299365876,1.4894658604449362,False,"(4096,)","(4096,)",
34,model.layers.34.post_attention_layernorm.weight,ok,0.9972691974819106,1.6516845567395373,False,"(4096,)","(4096,)",
34,model.layers.34.mlp.gate.weight,ok,0.0019744034326472275,1.0942787557105624,False,"(128, 4096)","(128, 4096)",
35,model.layers.35.self_attn.k_proj.weight,ok,-0.001109801940606877,1.1583090575778148,False,"(1024, 4096)","(1024, 4096)",
35,model.layers.35.self_attn.v_proj.weight,ok,0.001218705892206403,1.355773987889851,False,"(1024, 4096)","(1024, 4096)",
35,model.layers.35.self_attn.q_proj.weight,shape_mismatch,nan,nan,,"(8192, 4096)","(12288, 4096)",
35,model.layers.35.input_layernorm.weight,ok,0.9930288661481848,1.2077765487085403,False,"(4096,)","(4096,)",
35,model.layers.35.post_attention_layernorm.weight,ok,0.9973972052985509,1.6140796766866312,False,"(4096,)","(4096,)",
35,model.layers.35.mlp.gate.weight,ok,0.006446497502266398,1.0910034792209873,False,"(128, 4096)","(128, 4096)",
36,model.layers.36.self_attn.k_proj.weight,ok,-0.0009483484010355203,1.1398548913167934,False,"(1024, 4096)","(1024, 4096)",
36,model.layers.36.self_attn.v_proj.weight,ok,-0.0007124319481252976,1.387447675795245,False,"(1024, 4096)","(1024, 4096)",
36,model.layers.36.self_attn.q_proj.weight,shape_mismatch,nan,nan,,"(8192, 4096)","(12288, 4096)",
36,model.layers.36.input_layernorm.weight,ok,0.9921289988995929,1.5312534312434947,False,"(4096,)","(4096,)",
36,model.layers.36.post_attention_layernorm.weight,ok,0.9974483272934084,1.6115389695067692,False,"(4096,)","(4096,)",
36,model.layers.36.mlp.gate.weight,ok,0.00716394626042433,1.0921725539768468,False,"(128, 4096)","(128, 4096)",
37,model.layers.37.self_attn.k_proj.weight,ok,0.00044415428523169036,1.1404915504599882,False,"(1024, 4096)","(1024, 4096)",
37,model.layers.37.self_attn.v_proj.weight,ok,0.0010086543704781652,1.3497062069101395,False,"(1024, 4096)","(1024, 4096)",
37,model.layers.37.self_attn.q_proj.weight,shape_mismatch,nan,nan,,"(8192, 4096)","(12288, 4096)",
37,model.layers.37.input_layernorm.weight,ok,0.9916605542880615,1.5776020500683083,False,"(4096,)","(4096,)",
37,model.layers.37.post_attention_layernorm.weight,ok,0.997587040716457,1.574693054198846,False,"(4096,)","(4096,)",
37,model.layers.37.mlp.gate.weight,ok,0.0064058867748565795,1.0915156078982866,False,"(128, 4096)","(128, 4096)",
38,model.layers.38.self_attn.k_proj.weight,ok,-0.002556282929794501,1.1433360575166474,False,"(1024, 4096)","(1024, 4096)",
38,model.layers.38.self_attn.v_proj.weight,ok,7.560625589658984e-05,1.4118233013922328,False,"(1024, 4096)","(1024, 4096)",
38,model.layers.38.self_attn.q_proj.weight,shape_mismatch,nan,nan,,"(8192, 4096)","(12288, 4096)",
38,model.layers.38.input_layernorm.weight,ok,0.9928987616348307,1.2371227007080434,False,"(4096,)","(4096,)",
38,model.layers.38.post_attention_layernorm.weight,ok,0.9977814197678097,1.616467815323196,False,"(4096,)","(4096,)",
38,model.layers.38.mlp.gate.weight,ok,0.004398134236928742,1.0830580102256555,False,"(128, 4096)","(128, 4096)",
39,model.layers.39.self_attn.k_proj.weight,ok,0.0002619342768114424,1.165073044751546,False,"(1024, 4096)","(1024, 4096)",
39,model.layers.39.self_attn.v_proj.weight,ok,-0.0018086396810657664,1.488131705828527,False,"(1024, 4096)","(1024, 4096)",
39,model.layers.39.self_attn.q_proj.weight,shape_mismatch,nan,nan,,"(8192, 4096)","(12288, 4096)",
39,model.layers.39.input_layernorm.weight,ok,0.9931585036171737,1.405003033078464,False,"(4096,)","(4096,)",
39,model.layers.39.post_attention_layernorm.weight,ok,0.9978460932462812,1.5748233751638823,False,"(4096,)","(4096,)",
39,model.layers.39.mlp.gate.weight,ok,0.009894105256939904,1.0758290858919244,False,"(128, 4096)","(128, 4096)",
40,model.layers.40.self_attn.k_proj.weight,ok,-1.5878091332965987e-05,1.1446206513876058,False,"(1024, 4096)","(1024, 4096)",
40,model.layers.40.self_attn.v_proj.weight,ok,-0.0030354723202369992,1.397437589355832,False,"(1024, 4096)","(1024, 4096)",
40,model.layers.40.self_attn.q_proj.weight,shape_mismatch,nan,nan,,"(8192, 4096)","(12288, 4096)",
40,model.layers.40.input_layernorm.weight,ok,0.9916345247499719,1.3944221167873856,False,"(4096,)","(4096,)",
40,model.layers.40.post_attention_layernorm.weight,ok,0.9979522056551208,1.6002840388316846,False,"(4096,)","(4096,)",
40,model.layers.40.mlp.gate.weight,ok,0.003883648550556744,1.0775056290193448,False,"(128, 4096)","(128, 4096)",
41,model.layers.41.self_attn.k_proj.weight,ok,0.0018148082442601915,1.1464981058689432,False,"(1024, 4096)","(1024, 4096)",
41,model.layers.41.self_attn.v_proj.weight,ok,0.0006483134735221853,1.3841138020535637,False,"(1024, 4096)","(1024, 4096)",
41,model.layers.41.self_attn.q_proj.weight,shape_mismatch,nan,nan,,"(8192, 4096)","(12288, 4096)",
41,model.layers.41.input_layernorm.weight,ok,0.9910046872024111,1.4347071229278676,False,"(4096,)","(4096,)",
41,model.layers.41.post_attention_layernorm.weight,ok,0.9979084070431764,1.6541975584712125,False,"(4096,)","(4096,)",
41,model.layers.41.mlp.gate.weight,ok,0.0068450895286875195,1.0750213800352812,False,"(128, 4096)","(128, 4096)",
42,model.layers.42.self_attn.k_proj.weight,ok,-4.3800155027292463e-05,1.1229530801941856,False,"(1024, 4096)","(1024, 4096)",
42,model.layers.42.self_attn.v_proj.weight,ok,0.0003361429339499804,1.2944127873667506,False,"(1024, 4096)","(1024, 4096)",
42,model.layers.42.self_attn.q_proj.weight,shape_mismatch,nan,nan,,"(8192, 4096)","(12288, 4096)",
42,model.layers.42.input_layernorm.weight,ok,0.9901585938399668,1.4610111062128313,False,"(4096,)","(4096,)",
42,model.layers.42.post_attention_layernorm.weight,ok,0.9978536165472789,1.5119347110628445,False,"(4096,)","(4096,)",
42,model.layers.42.mlp.gate.weight,ok,0.00463232431732939,1.075453786912285,False,"(128, 4096)","(128, 4096)",
43,model.layers.43.self_attn.k_proj.weight,ok,0.00010746290558031765,1.102855179606297,False,"(1024, 4096)","(1024, 4096)",
43,model.layers.43.self_attn.v_proj.weight,ok,-0.0007874127465080225,1.384874283610832,False,"(1024, 4096)","(1024, 4096)",
43,model.layers.43.self_attn.q_proj.weight,shape_mismatch,nan,nan,,"(8192, 4096)","(12288, 4096)",
43,model.layers.43.input_layernorm.weight,ok,0.9906399321590007,1.781530487333396,False,"(4096,)","(4096,)",
43,model.layers.43.post_attention_layernorm.weight,ok,0.9975761596580626,1.556843441823937,False,"(4096,)","(4096,)",
43,model.layers.43.mlp.gate.weight,ok,0.006936541933758795,1.0797716933284092,False,"(128, 4096)","(128, 4096)",
44,model.layers.44.self_attn.k_proj.weight,ok,0.0004973649007782845,1.1303774861248284,False,"(1024, 4096)","(1024, 4096)",
44,model.layers.44.self_attn.v_proj.weight,ok,-0.0013725636735094921,1.3023963555128464,False,"(1024, 4096)","(1024, 4096)",
44,model.layers.44.self_attn.q_proj.weight,shape_mismatch,nan,nan,,"(8192, 4096)","(12288, 4096)",
44,model.layers.44.input_layernorm.weight,ok,0.9901450633521552,1.2841269176149692,False,"(4096,)","(4096,)",
44,model.layers.44.post_attention_layernorm.weight,ok,0.9970296629265505,1.4076536101294586,False,"(4096,)","(4096,)",
44,model.layers.44.mlp.gate.weight,ok,0.006973445326758451,1.0928266790375467,False,"(128, 4096)","(128, 4096)",
45,model.layers.45.self_attn.k_proj.weight,ok,0.0010197310212746752,1.160647942538684,False,"(1024, 4096)","(1024, 4096)",
45,model.layers.45.self_attn.v_proj.weight,ok,0.001532578427228834,1.259861334470842,False,"(1024, 4096)","(1024, 4096)",
45,model.layers.45.self_attn.q_proj.weight,shape_mismatch,nan,nan,,"(8192, 4096)","(12288, 4096)",
45,model.layers.45.input_layernorm.weight,ok,0.9929978512795805,1.3893380054073992,False,"(4096,)","(4096,)",
45,model.layers.45.post_attention_layernorm.weight,ok,0.9965539519983715,1.1016630957238494,False,"(4096,)","(4096,)",
45,model.layers.45.mlp.gate.weight,ok,0.005296708248018741,1.1170043159536633,False,"(128, 4096)","(128, 4096)",
